"Id","Title","Name","TeamFact"
"00530000000hxXZAAY","Director, Business Operations","Erica Leigh[trimME!]","1"
"00530000000igGJAAY","Technical Services Consultant","David[trimME!]","1"
"00530000000pKusAAE","Director, Information Technology","William[trimME!]","1"
"00530000000qAf3AAE","Director of Sales","Aaron[trimME!]","1"
"00530000000scCcAAI","Director - Customer Care","Matt[trimME!]","1"
"00530000000sMqlAAE","Vice President, Product Management","Brian[trimME!]","1"
"005300000012lKWAAY","Regional Account Manager","Jennifer[trimME!]","1"
"005300000012UwDAAU","President & CEO","Patrick[trimME!]","1"
"00530000001397GAAQ","CFO","Gordon","2"
"005300000013MJZAA2","Regional Account Manager","Mary Ann[trimME!]","1"
"005300000013PYqAAM","CTO","Harry[trimME!]","1"
"00580000001fEUnAAM","Accounting Manager","Jeff[trimME!]","1"
"00580000001gjyBAAQ","Vice President, Engineering","Adam[trimME!]","1"
"00580000003P2Y7AAK","","TestTrack[trimME!]","1"
"00580000003Q9spAAC","Senior Sales Engineer","Jim","2"
"00580000003Q9t4AAC","Regional Account Manager","TJ","3"
"00580000003QgRNAA0","Inside Sales Representative","Laura[trimME!]","1"
"00580000003QhfuAAC","Regional Account Manager","Robert","3"
"00580000003R5YsAAK","Director, Engineering","Will","2"
"00580000003R9mUAAS","Director, Consulting","Jon[trimME!]","1"
"00580000003R9mZAAS","Client Partner","Bill[trimME!]","1"
"00580000003Rkw7AAC","Manager, Inside Sales","Janet[trimME!]","1"
"00580000003UBmbAAG","Regional Account Director","Tony[trimME!]","1"
"00580000003UcHLAA0","VP, Services","Di[trimME!]","1"
"00580000003UciCAAS","Marketing Programs Manager","Chantelle[trimME!]","1"
"00580000003UEcuAAG","Technical Account Manager","Mandeep[trimME!]","1"
"00580000003UgzgAAC","Endpoint Point Man, Chief Code Wrangler, and Chief Beer Officer","Chris","2"
"00580000003UgzWAAS","Director, Inside Sales","Kevin[trimME!]","1"
"00580000003UiqRAAS","Director, World Wide Channel","Jessica[trimME!]","1"
"00580000003UlEBAA0","Operations & Projects Coordinator","Amy[trimME!]","1"
"00580000003UrkSAAS","Lead Technical Services Consultant","Bob","3"
"00580000003UtJxAAK","Director, Business Development","John","2"
"00580000003UtpeAAC","Technical Services Consultant","Mike","2"
"00580000003UvJVAA0","Senior Product Manager","Paul[trimME!]","1"
"00580000003Uw5UAAS","Inside Sales Representative","Kristen[trimME!]","1"
"00580000003UXSEAA4","Technical Services Consultant","Joel","2"
"00580000003UXSUAA4","Manager, Inside Sales","Ashley[trimME!]","1"
"00580000003Uxv2AAC","Client Partner","John","3"
"00580000003VEYZAA4","Inside Sales Representative","Jim","2"
"00580000003VNPvAAO","Technical Support Engineer","Khristine","2"
"00580000003VrkQAAS","Technical Services Consultant","Dan[trimME!]","1"
"00580000003VrwfAAC","Regional Account Manager","Bobby[trimME!]","1"
"00580000003VwUgAAK","Inside Sales Representative","Francis[trimME!]","1"
"00580000003Wv2JAAS","Digital Marketing Specialist","Jonathan[trimME!]","1"
"005800000041AJQAA2","Security Compliance Practice Manager","Chris[trimME!]","1"
"0058000000427kBAAQ","Training and Partner Certification Manager","Ed[trimME!]","1"
"005800000043XoaAAE","Inside Sales Representative","Susan[trimME!]","1"
"005800000043XouAAE","Regional Account Manager","David[trimME!]","1"
"005800000044APAAA2","Office Manager","Kathy[trimME!]","1"
"005800000044LLKAA2","Inside Sales Representative","Jason[trimME!]","1"
"005800000044LNKAA2","Inside Sales Representative","Anne[trimME!]","1"
"00580000004E5oAAAS","Sr. Software Engineer","Tvrtko","2"
"00580000004E5yFAAS","Principal Engineer","Sudip[trimME!]","1"
"00580000004E5yKAAS","Software Engineer","Jason[trimME!]","1"
"00580000004E5yPAAS","Software Engineer","Nathan[trimME!]","1"
"00580000004E5yUAAS","Release Engineer","Sheldon[trimME!]","1"
"00580000004E5zmAAC","Sr Software Engineer","Edward[trimME!]","1"
"00580000004E5zSAAS","Sr. QA Engineer","Katie[trimME!]","1"
"00580000004E601AAC","QA Engineer","Paul[trimME!]","1"
"00580000004E61OAAS","QA Engineer","Brenda[trimME!]","1"
"00580000004E63FAAS","QA Engineer","Supriya[trimME!]","1"
"00580000004E63UAAS","Sr. QA Engineer","Derek","2"
"00580000004E63ZAAS","Principal Software Engineer","Christopher","2"
"00580000004E672AAC","Sr. Software Engineer","Berni","2"
"00580000004E67CAAS","Software Engineer","Robert[trimME!]","1"
"00580000004E67RAAS","Web Services Architect","Davor[trimME!]","1"
"00580000004E67vAAC","QA Engineer","Jon[trimME!]","1"
"00580000004E67WAAS","QA Engineer","Zachary[trimME!]","1"
"00580000004E680AAC","Software Engineer","Bobby[trimME!]","1"
"00580000004E68eAAC","Manager and Functional Test Lead, QA","Darwin[trimME!]","1"
"00580000004E68FAAS","Engineering Manager","Vivek[trimME!]","1"
"00580000004E68PAAS","Senior QA Engineer","Bo[trimME!]","1"
"00580000004E7kGAAS","Inside Sales Representative","Scott[trimME!]","1"
"00580000004E7kQAAS","Director, Business Development","Dave[trimME!]","1"
"00580000004E8sfAAC","Engineering Contractor","Tim[trimME!]","1"
"00580000004E8UEAA0","Corporate Controller","Derek[trimME!]","1"
"00580000004E9jeAAC","Senior Software Engineer","Satya[trimME!]","1"
"00580000004E9jUAAS","Engineering Manager, Sustaining and Operations","Kourken[trimME!]","1"
"00580000004EbfbAAC","Install Engineer","Brian[trimME!]","1"
"00580000004EbfWAAS","Director, Mobile Products","Anand[trimME!]","1"
"00580000004EBWDAA4","Software Engineer","Andrew[trimME!]","1"
"00580000004EcbvAAC","Director, Marketing Programs","Tarah[trimME!]","1"
"00580000004ECqdAAG","VP, Professional Services","Sandra[trimME!]","1"
"00580000004EfECAA0","Inside Sales Engineer","Dave[trimME!]","1"
"00580000004EjCyAAK","Field Sales Engineer","Christian[trimME!]","1"
"00580000004EJKjAAO","Field Technical Support Engineer","Ken","2"
"00580000004EJLSAA4","Software Engineer","Andrew[trimME!]","1"
"00580000004Ek2kAAC","Technical Trainer","Valentino[trimME!]","1"
"00580000004Ek2LAAS","QA Engineer","Ken[trimME!]","1"
"00580000004Ek2QAAS","Senior Software Engineer","Ken","3"
"00580000004EKTcAAO","Field Marketing Manager","Toni","2"
"00580000004EMFxAAO","IT Administrator","Brett[trimME!]","1"
"00580000004EMG2AAO","Sustaining Engineer","John[trimME!]","1"
"00580000004Epi7AAC","Regional Account Manager","Angela[trimME!]","1"
"00580000004EPIGAA4","Sales Engineer","BJ","3"
"00580000004EQ5IAAW","Principal Software Engineer","Joe","3"
"00580000004ESB3AAO","Revenue & Billing Analyst","Ernie[trimME!]","1"
"00580000004EsCYAA0","Technical Account Manager","Michael[trimME!]","1"
"00580000004EsmCAAS","","Kevin[trimME!]","1"
"00580000004EUl3AAG","Director, Human Resources","Amy[trimME!]","1"
"00580000004EUl8AAG","SE - North Central","Kurt[trimME!]","1"
"00580000004Evd8AAC","Field Tech Support Engineer","Geran[trimME!]","1"
"00580000004Eve6AAC","Director, Program Management","Vanda[trimME!]","1"
"00580000004EWCPAA4","Director, Product Management","Michael[trimME!]","1"
"00580000004EwFCAA0","Senior HR Partner","Treasa[trimME!]","1"
"00580000004EXeUAAW","Chief Marketing Officer","Eric","2"
"00580000004EzHVAA0","Sales Engineer","Chris","2"
"00580000004EzuYAAS","Technical Account Manager","Michael[trimME!]","1"
"00580000004F1rpAAC","Principle Architect","Baldev[trimME!]","1"
"00580000004FCaBAAW","Web Marketing Manager","Cate[trimME!]","1"
"00580000004FCbOAAW","Web Designer","Jen","3"
"00580000004FNvyAAG","Sr. Business Analyst","Jeni","2"
"00580000004G4fjAAC","Senior Software Engineer","Matthew[trimME!]","1"
"00580000004G4gmAAC","Principal Engineer, Mobile Products","Ganeshan[trimME!]","1"
"00580000004G7IsAAK","Vice President, Sales","Ed[trimME!]","1"
"00580000004GaZ5AAK","Sustaining Engineer","Michael[trimME!]","1"
"00580000004GBu2AAG","QA Engineer","Alan[trimME!]","1"
"00580000004GC1cAAG","Incident Response Consultant","Ryan[trimME!]","1"
"00580000004GC1mAAG","Inside Sales Representative","Michael[trimME!]","1"
"00580000004GD4rAAG","Solutions Architech","Tony[trimME!]","1"
"00580000004GekgAAC","Client Partner","Xavier[trimME!]","1"
"00580000004GekvAAC","Director, Product Management","Allen[trimME!]","1"
"00580000004Gk56AAC","Sales Development Rep","Ashley[trimME!]","1"
"00580000004Gk5GAAS","Account Manager","Michael[trimME!]","1"
"00580000004Gk5QAAS","Sales Development Rep","Kaitlyn[trimME!]","1"
"00580000004GlQUAA0","Talent Aquisition","Steven[trimME!]","1"
"00580000004GlR3AAK","Regional Account Manager, N.TX / LA","Steven","3"
"00580000004Gm8RAAS","Associate QA Engineer","Keith","2"
"00580000004GO6fAAG","Application Administration Analyst","Michael[trimME!]","1"
"00580000004GptBAAS","Field Sales Engineer","Rich[trimME!]","1"
"00580000004GpvbAAC","Senior Software Engineer","Adam[trimME!]","1"
"00580000004Gqa5AAC","","Michael[trimME!]","1"
"00580000004GsHPAA0","Senior Technical Sevices Consultant","Vishal[trimME!]","1"
"00580000004GUrmAAG","Software Engineer","Rajeshwari[trimME!]","1"
"00580000004GUrrAAG","System Test Engineer","Mark[trimME!]","1"
"00580000004GUrwAAG","Application Administration Analyst","Jillian[trimME!]","1"
"00580000004GUs6AAG","Business Applications Manager","Fred[trimME!]","1"
"00580000004H3fJAAS","HR Recruitung Coodinator","Josh","3"
"00580000004H4jkAAC","MAS Manager","Alain[trimME!]","1"
"00580000004H4jQAAS","Field Systems Engineer","Brian[trimME!]","1"
"00580000004HJiXAAW","Regional Account Manager","Bruce Van[trimME!]","1"
"00580000004HJYhAAO","ISR","Shawn[trimME!]","1"
"00580000004HV9tAAG","Account Manager","Ben","3"
"00580000004HV9yAAG","Inside Sales Rep","Kevin[trimME!]","1"
"005800000055uWNAAY","Sr Director Sales","Rick[trimME!]","1"
"005800000055z7hAAA","Application Administration Analyst","David[trimME!]","1"
"005800000055z7mAAA","Sales Development Rep","TJ[trimME!]","1"
"005800000055z7SAAQ","Regional Account Manager","Aquib[trimME!]","1"
"0058000000563gCAAQ","CSO","Nick[trimME!]","1"
"0058000000568SjAAI","Solutions Architect","Taryn[trimME!]","1"
"0058000000569vmAAA","EMEA Mktg","Mark[trimME!]","1"
"005800000056cisAAA","Director, Product and Solutions Marketing","Jonathan[trimME!]","1"
"005800000056cj2AAA","Maintenance Renewals Rep","Beth[trimME!]","1"
"005800000056clDAAQ","Field Sales Engineer","Nagaraj[trimME!]","1"
"005800000056clIAAQ","Application Administration Analyst","Whitney[trimME!]","1"
"005800000056HR6AAM","Sr. Tech Support Engineer","Yejing[trimME!]","1"
"005800000056HRBAA2","Project Manager","Liz","2"
"005800000056MRzAAM","Marketing Contractor","Therese","3"
"005800000056NtuAAE","Channel Sales Engineer","Lid[trimME!]","1"
"005800000056NuiAAE","Sales Ops Intern","Liam[trimME!]","1"
"005800000056NuYAAU","VP of Business Development","Tom[trimME!]","1"
"005800000056OIuAAM","Service Intern","Dylan[trimME!]","1"
"005800000056tRtAAI","Field Sales Engineer","Patrick[trimME!]","1"
"005800000056uyKAAQ","Intergration Partner","Keboola[trimME!]","1"
"005800000056xcCAAQ","Region Account Manager","Kelly[trimME!]","1"
"005800000056YrVAAU","Receptionist","Emily[trimME!]","1"
"005800000056yyTAAQ","Tech Support Engineer","Torquil[trimME!]","1"
"0058000000576P7AAI","Regional Account Manager","Nathan[trimME!]","1"
"005800000057CYZAA2","CIO","Jim","2"
"005800000057GTiAAM","Senior Technical Sevices Consultant","Jon[trimME!]","1"
"005800000057P0BAAU","Sales Developement Rep","Evan[trimME!]","1"
"005800000057QutAAE","Accounting Clerk","Jackie[trimME!]","1"
"005800000057V28AAE","Contrator - Project Manager","Tony[trimME!]","1"
"005800000058chaAAA","Associate Sales Engineer","Richard[trimME!]","1"
"005800000058chVAAQ","Associate Sales Engineer","Jesse","3"
"005800000058DDuAAM","Sales Engineer","Adrian[trimME!]","1"
"005800000058lVkAAI","Sales Engineer","Alon[trimME!]","1"
"005800000058lVuAAI","Marketing Coordinator","Kristina[trimME!]","1"
"005800000058mTVAAY","Associate Technical Services Consultant","Patrick Van[trimME!]","1"
"005800000058rzbAAA","Regional Account Manager","David[trimME!]","1"
"005800000059BUxAAM","Tech Support Engineer","Chris[trimME!]","1"
"005800000059mcIAAQ","Product Marketing Manager","Lauren[trimME!]","1"
"005800000059UpNAAU","DevOps Engineer","Joe","3"
"005800000059ZoyAAE","Solutions Architect","Matt[trimME!]","1"
"00580000005A3UpAAK","Regional Account Manager","Frazier[trimME!]","1"
"00580000005A44sAAC","Sales Engineer","Natalia[trimME!]","1"
"00580000005A4BAAA0","Sales Operations Assistant","Katrina[trimME!]","1"
"005800000066rL8AAI","","SteelBrick","2"
"005800000066vNrAAI","Recruiter","Paul[trimME!]","1"
"0058000000678WrAAI","HR Recruiter","Tyler[trimME!]","1"
"005800000067GRfAAM","Regional Sales Director","Mark[trimME!]","1"
"005800000067GRkAAM","Web Developer","Sara[trimME!]","1"
"005800000067LFyAAM","Sr. Technical Services Consultant","Doug","3"
"005800000067PxaAAE","Sales Operations Mananger","Ryan[trimME!]","1"
"005800000067PxuAAE","Sr. Technical Support Eng","Orly","2"
"005800000067PyYAAU","Channel Account Manager","Chuck","3"
"005800000067VHuAAM","Regional Account Manager","Don","3"
"005800000067VIdAAM","Sales Development Rep","Peter[trimME!]","1"
"005800000067VJCAA2","Sales Development Rep","Christopher[trimME!]","1"
"005800000067VJHAA2","Sales Development Rep","Steven[trimME!]","1"
"005800000067VJMAA2","Sales Development Rep","Alycia[trimME!]","1"
"005800000067VOCAA2","Channel Marketing Specialist","Martha[trimME!]","1"
